
INSERT INTO groups (id,name) VALUES ('1','Dacron');
INSERT INTO groups (id,name) VALUES ('2','Laminado');
INSERT INTO groups (id,name) VALUES ('3','Nylon');
INSERT INTO groups (id,name) VALUES ('4','Especiales');
INSERT INTO groups (id,name) VALUES ('5','Discontinuados');

INSERT INTO providers (id,name,countryId) VALUES ('1','NORTH',1);
INSERT INTO providers (id,name,countryId) VALUES ('2','CONTENDER',1);
INSERT INTO providers (id,name,countryId) VALUES ('3','DIMENSION',1);
INSERT INTO providers (id,name,countryId) VALUES ('4','BAINBRIDGE',1);
INSERT INTO providers (id,name,countryId) VALUES ('5','CHALLENGE',1);


INSERT INTO cloths (id,name,stockMin,groupId) VALUES ('1','Cont 4.0 Supercruise 54"',0,'1');
INSERT INTO cloths (id,name,stockMin,groupId) VALUES ('2','Cont 5.4 Supercruise',0,'1');
INSERT INTO cloths (id,name,stockMin,groupId) VALUES ('3','Cont 6.4 Supercruise',0,'1');
INSERT INTO cloths (id,name,stockMin,groupId) VALUES ('4','Cont 7.4 Supercruise',0,'1');
INSERT INTO cloths (id,name,stockMin,groupId) VALUES ('5','Cont 8.4 Supercruise',0,'1');
INSERT INTO cloths (id,name,stockMin,groupId) VALUES ('6','Cont 9.4 Supercruise',0,'1');
INSERT INTO cloths (id,name,stockMin,groupId) VALUES ('7','ZZ06',0,'1');
INSERT INTO cloths (id,name,stockMin,groupId) VALUES ('8','ZZ09',0,'1');
INSERT INTO cloths (id,name,stockMin,groupId) VALUES ('9','5,7 nordac HA',0,'1');
INSERT INTO cloths (id,name,stockMin,groupId) VALUES ('10','6,4 nordac HA',0,'1');
INSERT INTO cloths (id,name,stockMin,groupId) VALUES ('11','7,8 nordac HA',0,'1');
INSERT INTO cloths (id,name,stockMin,groupId) VALUES ('12','8,2 nordac HA',0,'1');
INSERT INTO cloths (id,name,stockMin,groupId) VALUES ('13','9,4 nordac HA',0,'1');
INSERT INTO cloths (id,name,stockMin,groupId) VALUES ('14','11,4 nordac HA',0,'1');
INSERT INTO cloths (id,name,stockMin,groupId) VALUES ('15','4,0 Shelf',0,'1');
INSERT INTO cloths (id,name,stockMin,groupId) VALUES ('16','5,0 UV',0,'1');
INSERT INTO cloths (id,name,stockMin,groupId) VALUES ('17','3,3 nordac radian',0,'1');
INSERT INTO cloths (id,name,stockMin,groupId) VALUES ('18','5,2 nordac radian',0,'1');
INSERT INTO cloths (id,name,stockMin,groupId) VALUES ('19','6,0 nordac radian',0,'1');
INSERT INTO cloths (id,name,stockMin,groupId) VALUES ('20','7,5 nordac radian',0,'1');
INSERT INTO cloths (id,name,stockMin,groupId) VALUES ('21','8,1 nordac radian',0,'1');
INSERT INTO cloths (id,name,stockMin,groupId) VALUES ('22','9,0 nordac radian',0,'1');
INSERT INTO cloths (id,name,stockMin,groupId) VALUES ('23','9-10XW PATCH',0,'1');
INSERT INTO cloths (id,name,stockMin,groupId) VALUES ('24','280 AP MTO',0,'1');
INSERT INTO cloths (id,name,stockMin,groupId) VALUES ('25','410 AP MTO',0,'1');
INSERT INTO cloths (id,name,stockMin,groupId) VALUES ('26','450 AP MTO',0,'1');
INSERT INTO cloths (id,name,stockMin,groupId) VALUES ('27','130 SQ HTP Plus',0,'1');
INSERT INTO cloths (id,name,stockMin,groupId) VALUES ('28','165 SQ HTP Plus',0,'1');
INSERT INTO cloths (id,name,stockMin,groupId) VALUES ('29','180 SQ HTP Plus',0,'1');
INSERT INTO cloths (id,name,stockMin,groupId) VALUES ('30','Dim BX05 (Black)',0,'1');
INSERT INTO cloths (id,name,stockMin,groupId) VALUES ('31','Dim BX10 (Black)',0,'1');
INSERT INTO cloths (id,name,stockMin,groupId) VALUES ('32','Dim BX15 (Black)',0,'1');
INSERT INTO cloths (id,name,stockMin,groupId) VALUES ('33','Dim BX20 (Black)',0,'1');
INSERT INTO cloths (id,name,stockMin,groupId) VALUES ('34','PE 05 OPTIC 2',0,'1');
INSERT INTO cloths (id,name,stockMin,groupId) VALUES ('35','PE 10 OPTIC 2',0,'1');
INSERT INTO cloths (id,name,stockMin,groupId) VALUES ('36','PE 15 OPTIC 2',0,'1');
INSERT INTO cloths (id,name,stockMin,groupId) VALUES ('37','PE 20 OPTIC 2',0,'1');
INSERT INTO cloths (id,name,stockMin,groupId) VALUES ('38','AIRX 600 BCO',0,'1');
INSERT INTO cloths (id,name,stockMin,groupId) VALUES ('39','AIRX 650 BCO',0,'1');
INSERT INTO cloths (id,name,stockMin,groupId) VALUES ('40','AIX 650 ROJO',0,'1');
INSERT INTO cloths (id,name,stockMin,groupId) VALUES ('41','AIX 650 ROYAL BLUE',0,'1');
INSERT INTO cloths (id,name,stockMin,groupId) VALUES ('42','AIX 700 BCO',0,'1');
INSERT INTO cloths (id,name,stockMin,groupId) VALUES ('43','BAIN MP 75 AMARILLO',0,'1');
INSERT INTO cloths (id,name,stockMin,groupId) VALUES ('44','BAIN MP 75 AZUL',0,'1');
INSERT INTO cloths (id,name,stockMin,groupId) VALUES ('45','BAIN MP 75 BCO',0,'1');
INSERT INTO cloths (id,name,stockMin,groupId) VALUES ('46','BAIN MP 75 ROJO',0,'1');
INSERT INTO cloths (id,name,stockMin,groupId) VALUES ('47','BAIN MP 75 VERDE',0,'1');
INSERT INTO cloths (id,name,stockMin,groupId) VALUES ('48','BAIN MP 90 AMARILLO',0,'1');
INSERT INTO cloths (id,name,stockMin,groupId) VALUES ('49','BAIN MP 90 AZUL',0,'1');
INSERT INTO cloths (id,name,stockMin,groupId) VALUES ('50','BAIN MP 90 BCO',0,'1');
INSERT INTO cloths (id,name,stockMin,groupId) VALUES ('51','BAIN MP 90 ROJO',0,'1');
INSERT INTO cloths (id,name,stockMin,groupId) VALUES ('52','BAIN MP 90 VERDE',0,'1');
INSERT INTO cloths (id,name,stockMin,groupId) VALUES ('53','CONT NYLITE 60  BLANCO',0,'1');
INSERT INTO cloths (id,name,stockMin,groupId) VALUES ('54','CONT NYLITE 90 Blanco',0,'1');

INSERT INTO products (productId,providerId,clothId,code,price) VALUES ('1','2','1','?',0);
INSERT INTO products (productId,providerId,clothId,code,price) VALUES ('2','2','2','?',0);
INSERT INTO products (productId,providerId,clothId,code,price) VALUES ('3','2','3','?',0);
INSERT INTO products (productId,providerId,clothId,code,price) VALUES ('4','2','4','?',0);
INSERT INTO products (productId,providerId,clothId,code,price) VALUES ('5','2','5','?',0);
INSERT INTO products (productId,providerId,clothId,code,price) VALUES ('6','2','6','?',0);
INSERT INTO products (productId,providerId,clothId,code,price) VALUES ('7','2','7','?',0);
INSERT INTO products (productId,providerId,clothId,code,price) VALUES ('8','2','8','?',0);
INSERT INTO products (productId,providerId,clothId,code,price) VALUES ('9','1','9','?',0);
INSERT INTO products (productId,providerId,clothId,code,price) VALUES ('10','1','10','?',0);
INSERT INTO products (productId,providerId,clothId,code,price) VALUES ('11','1','11','?',0);
INSERT INTO products (productId,providerId,clothId,code,price) VALUES ('12','1','12','?',0);
INSERT INTO products (productId,providerId,clothId,code,price) VALUES ('13','1','13','?',0);
INSERT INTO products (productId,providerId,clothId,code,price) VALUES ('14','1','14','?',0);
INSERT INTO products (productId,providerId,clothId,code,price) VALUES ('15','1','15','?',0);
INSERT INTO products (productId,providerId,clothId,code,price) VALUES ('16','1','16','?',0);
INSERT INTO products (productId,providerId,clothId,code,price) VALUES ('17','1','17','?',0);
INSERT INTO products (productId,providerId,clothId,code,price) VALUES ('18','1','18','?',0);
INSERT INTO products (productId,providerId,clothId,code,price) VALUES ('19','1','19','?',0);
INSERT INTO products (productId,providerId,clothId,code,price) VALUES ('20','1','20','?',0);
INSERT INTO products (productId,providerId,clothId,code,price) VALUES ('21','1','21','?',0);
INSERT INTO products (productId,providerId,clothId,code,price) VALUES ('22','1','22','?',0);
INSERT INTO products (productId,providerId,clothId,code,price) VALUES ('23','1','23','?',0);
INSERT INTO products (productId,providerId,clothId,code,price) VALUES ('24','3','24','?',0);
INSERT INTO products (productId,providerId,clothId,code,price) VALUES ('25','3','25','?',0);
INSERT INTO products (productId,providerId,clothId,code,price) VALUES ('26','3','26','?',0);
INSERT INTO products (productId,providerId,clothId,code,price) VALUES ('27','3','27','?',0);
INSERT INTO products (productId,providerId,clothId,code,price) VALUES ('28','3','28','?',0);
INSERT INTO products (productId,providerId,clothId,code,price) VALUES ('29','3','29','?',0);
INSERT INTO products (productId,providerId,clothId,code,price) VALUES ('30','3','30','?',0);
INSERT INTO products (productId,providerId,clothId,code,price) VALUES ('31','3','31','?',0);
INSERT INTO products (productId,providerId,clothId,code,price) VALUES ('32','3','32','?',0);
INSERT INTO products (productId,providerId,clothId,code,price) VALUES ('33','3','33','?',0);
INSERT INTO products (productId,providerId,clothId,code,price) VALUES ('34','3','34','?',0);
INSERT INTO products (productId,providerId,clothId,code,price) VALUES ('35','3','35','?',0);
INSERT INTO products (productId,providerId,clothId,code,price) VALUES ('36','3','36','?',0);
INSERT INTO products (productId,providerId,clothId,code,price) VALUES ('37','3','37','?',0);
INSERT INTO products (productId,providerId,clothId,code,price) VALUES ('38','4','38','?',0);
INSERT INTO products (productId,providerId,clothId,code,price) VALUES ('39','4','39','?',0);
INSERT INTO products (productId,providerId,clothId,code,price) VALUES ('40','4','40','?',0);
INSERT INTO products (productId,providerId,clothId,code,price) VALUES ('41','4','41','?',0);
INSERT INTO products (productId,providerId,clothId,code,price) VALUES ('42','4','42','?',0);
INSERT INTO products (productId,providerId,clothId,code,price) VALUES ('43','4','43','?',0);
INSERT INTO products (productId,providerId,clothId,code,price) VALUES ('44','4','44','?',0);
INSERT INTO products (productId,providerId,clothId,code,price) VALUES ('45','4','45','?',0);
INSERT INTO products (productId,providerId,clothId,code,price) VALUES ('46','4','46','?',0);
INSERT INTO products (productId,providerId,clothId,code,price) VALUES ('47','4','47','?',0);
INSERT INTO products (productId,providerId,clothId,code,price) VALUES ('48','4','48','?',0);
INSERT INTO products (productId,providerId,clothId,code,price) VALUES ('49','4','49','?',0);
INSERT INTO products (productId,providerId,clothId,code,price) VALUES ('50','4','50','?',0);
INSERT INTO products (productId,providerId,clothId,code,price) VALUES ('51','4','51','?',0);
INSERT INTO products (productId,providerId,clothId,code,price) VALUES ('52','4','52','?',0);
INSERT INTO products (productId,providerId,clothId,code,price) VALUES ('53','2','53','?',0);
INSERT INTO products (productId,providerId,clothId,code,price) VALUES ('54','2','54','?',0);

INSERT INTO orders (number,orderId,orderDate,inTransitDate,estimatedArriveDate,arriveDate,invoiceNumber,status,type,providerId,description,deliveryType) VALUES (1,'1',{d '2016-05-21'},{d '2015-05-21'},{d '2015-05-21'},{d '2016-05-21'},'DATA_IMPORT','ARRIVED','DEF','1','','Desconocido');

INSERT INTO orderproduct (opId,orderId,productId,amount,price) VALUES ('1','1','1',28,0);
INSERT INTO orderproduct (opId,orderId,productId,amount,price) VALUES ('2','1','2',39.5,0);
INSERT INTO orderproduct (opId,orderId,productId,amount,price) VALUES ('3','1','3',42.5,0);
INSERT INTO orderproduct (opId,orderId,productId,amount,price) VALUES ('4','1','4',24.5,0);
INSERT INTO orderproduct (opId,orderId,productId,amount,price) VALUES ('5','1','5',75.5,0);
INSERT INTO orderproduct (opId,orderId,productId,amount,price) VALUES ('6','1','6',85,0);
INSERT INTO orderproduct (opId,orderId,productId,amount,price) VALUES ('7','1','7',1.5,0);
INSERT INTO orderproduct (opId,orderId,productId,amount,price) VALUES ('8','1','8',18,0);
INSERT INTO orderproduct (opId,orderId,productId,amount,price) VALUES ('9','1','9',126,0);
INSERT INTO orderproduct (opId,orderId,productId,amount,price) VALUES ('10','1','10',110,0);
INSERT INTO orderproduct (opId,orderId,productId,amount,price) VALUES ('11','1','11',50,0);
INSERT INTO orderproduct (opId,orderId,productId,amount,price) VALUES ('12','1','12',68,0);
INSERT INTO orderproduct (opId,orderId,productId,amount,price) VALUES ('13','1','13',100,0);
INSERT INTO orderproduct (opId,orderId,productId,amount,price) VALUES ('14','1','14',60,0);
INSERT INTO orderproduct (opId,orderId,productId,amount,price) VALUES ('15','1','15',80,0);
INSERT INTO orderproduct (opId,orderId,productId,amount,price) VALUES ('16','1','16',100,0);
INSERT INTO orderproduct (opId,orderId,productId,amount,price) VALUES ('17','1','17',50,0);
INSERT INTO orderproduct (opId,orderId,productId,amount,price) VALUES ('18','1','18',107.5,0);
INSERT INTO orderproduct (opId,orderId,productId,amount,price) VALUES ('19','1','19',129.7,0);
INSERT INTO orderproduct (opId,orderId,productId,amount,price) VALUES ('20','1','20',137,0);
INSERT INTO orderproduct (opId,orderId,productId,amount,price) VALUES ('21','1','21',28,0);
INSERT INTO orderproduct (opId,orderId,productId,amount,price) VALUES ('22','1','22',72,0);
INSERT INTO orderproduct (opId,orderId,productId,amount,price) VALUES ('23','1','23',88,0);
INSERT INTO orderproduct (opId,orderId,productId,amount,price) VALUES ('24','1','24',101,0);
INSERT INTO orderproduct (opId,orderId,productId,amount,price) VALUES ('25','1','25',34,0);
INSERT INTO orderproduct (opId,orderId,productId,amount,price) VALUES ('26','1','26',25,0);
INSERT INTO orderproduct (opId,orderId,productId,amount,price) VALUES ('27','1','27',46,0);
INSERT INTO orderproduct (opId,orderId,productId,amount,price) VALUES ('28','1','28',23,0);
INSERT INTO orderproduct (opId,orderId,productId,amount,price) VALUES ('29','1','29',51,0);
INSERT INTO orderproduct (opId,orderId,productId,amount,price) VALUES ('30','1','30',83.7,0);
INSERT INTO orderproduct (opId,orderId,productId,amount,price) VALUES ('31','1','31',0,0);
INSERT INTO orderproduct (opId,orderId,productId,amount,price) VALUES ('32','1','32',86.7,0);
INSERT INTO orderproduct (opId,orderId,productId,amount,price) VALUES ('33','1','33',90,0);
INSERT INTO orderproduct (opId,orderId,productId,amount,price) VALUES ('34','1','34',134,0);
INSERT INTO orderproduct (opId,orderId,productId,amount,price) VALUES ('35','1','35',86,0);
INSERT INTO orderproduct (opId,orderId,productId,amount,price) VALUES ('36','1','36',29,0);
INSERT INTO orderproduct (opId,orderId,productId,amount,price) VALUES ('37','1','37',139.88,0);
INSERT INTO orderproduct (opId,orderId,productId,amount,price) VALUES ('38','1','38',293,0);
INSERT INTO orderproduct (opId,orderId,productId,amount,price) VALUES ('39','1','39',76,0);
INSERT INTO orderproduct (opId,orderId,productId,amount,price) VALUES ('40','1','40',91.4,0);
INSERT INTO orderproduct (opId,orderId,productId,amount,price) VALUES ('41','1','41',21.4,0);
INSERT INTO orderproduct (opId,orderId,productId,amount,price) VALUES ('42','1','42',269,0);
INSERT INTO orderproduct (opId,orderId,productId,amount,price) VALUES ('43','1','43',98,0);
INSERT INTO orderproduct (opId,orderId,productId,amount,price) VALUES ('44','1','44',154,0);
INSERT INTO orderproduct (opId,orderId,productId,amount,price) VALUES ('45','1','45',325,0);
INSERT INTO orderproduct (opId,orderId,productId,amount,price) VALUES ('46','1','46',188,0);
INSERT INTO orderproduct (opId,orderId,productId,amount,price) VALUES ('47','1','47',0,0);
INSERT INTO orderproduct (opId,orderId,productId,amount,price) VALUES ('48','1','48',109,0);
INSERT INTO orderproduct (opId,orderId,productId,amount,price) VALUES ('49','1','49',181,0);
INSERT INTO orderproduct (opId,orderId,productId,amount,price) VALUES ('50','1','50',147,0);
INSERT INTO orderproduct (opId,orderId,productId,amount,price) VALUES ('51','1','51',190,0);
INSERT INTO orderproduct (opId,orderId,productId,amount,price) VALUES ('52','1','52',135,0);
INSERT INTO orderproduct (opId,orderId,productId,amount,price) VALUES ('53','1','53',106,0);
INSERT INTO orderproduct (opId,orderId,productId,amount,price) VALUES ('54','1','54',95,0);



INSERT INTO rolls (id,productId,type,number,lote,mtsOriginal,mts,orderId,incoming,manual) VALUES ('1','1','DEF','1657301','09',28,28,'1',false,true);
INSERT INTO rolls (id,productId,type,number,lote,mtsOriginal,mts,orderId,incoming,manual) VALUES ('2','2','DEF','166690','06',39.5,39.5,'1',false,true);
INSERT INTO rolls (id,productId,type,number,lote,mtsOriginal,mts,orderId,incoming,manual) VALUES ('3','3','DEF','1684101','09',42.5,42.5,'1',false,true);
INSERT INTO rolls (id,productId,type,number,lote,mtsOriginal,mts,orderId,incoming,manual) VALUES ('4','4','DEF','F31466016868','',24.5,24.5,'1',false,true);
INSERT INTO rolls (id,productId,type,number,lote,mtsOriginal,mts,orderId,incoming,manual) VALUES ('5','5','DEF','1687803','02',23.5,23.5,'1',false,true);
INSERT INTO rolls (id,productId,type,number,lote,mtsOriginal,mts,orderId,incoming,manual) VALUES ('6','5','DEF','1697203','08',52,52,'1',false,true);
INSERT INTO rolls (id,productId,type,number,lote,mtsOriginal,mts,orderId,incoming,manual) VALUES ('7','6','DEF','1658901','01',35,35,'1',false,true);
INSERT INTO rolls (id,productId,type,number,lote,mtsOriginal,mts,orderId,incoming,manual) VALUES ('8','6','DEF','1658901','02',50,50,'1',false,true);
INSERT INTO rolls (id,productId,type,number,lote,mtsOriginal,mts,orderId,incoming,manual) VALUES ('9','7','DEF','558901','09',1.5,1.5,'1',false,true);
INSERT INTO rolls (id,productId,type,number,lote,mtsOriginal,mts,orderId,incoming,manual) VALUES ('10','8','DEF','559801','09',18,18,'1',false,true);
INSERT INTO rolls (id,productId,type,number,lote,mtsOriginal,mts,orderId,incoming,manual) VALUES ('11','9','DEF','A32390','K202168',49,49,'1',false,true);
INSERT INTO rolls (id,productId,type,number,lote,mtsOriginal,mts,orderId,incoming,manual) VALUES ('12','9','DEF','A32543-1','K204188',43,43,'1',false,true);
INSERT INTO rolls (id,productId,type,number,lote,mtsOriginal,mts,orderId,incoming,manual) VALUES ('13','9','DEF','A32672-1','K205396',34,34,'1',false,true);
INSERT INTO rolls (id,productId,type,number,lote,mtsOriginal,mts,orderId,incoming,manual) VALUES ('14','10','DEF','A33997-1','K220814',4,4,'1',false,true);
INSERT INTO rolls (id,productId,type,number,lote,mtsOriginal,mts,orderId,incoming,manual) VALUES ('15','10','DEF','A34162-1','K221758',55,55,'1',false,true);
INSERT INTO rolls (id,productId,type,number,lote,mtsOriginal,mts,orderId,incoming,manual) VALUES ('16','10','DEF','A33174-1','K210625',51,51,'1',false,true);
INSERT INTO rolls (id,productId,type,number,lote,mtsOriginal,mts,orderId,incoming,manual) VALUES ('17','11','DEF','A33253-1','K212634',50,50,'1',false,true);
INSERT INTO rolls (id,productId,type,number,lote,mtsOriginal,mts,orderId,incoming,manual) VALUES ('18','12','DEF','A32190','K200671',18,18,'1',false,true);
INSERT INTO rolls (id,productId,type,number,lote,mtsOriginal,mts,orderId,incoming,manual) VALUES ('19','12','DEF','A33557-1','K216535',50,50,'1',false,true);
INSERT INTO rolls (id,productId,type,number,lote,mtsOriginal,mts,orderId,incoming,manual) VALUES ('20','13','DEF','A33460-2','K214268',50,50,'1',false,true);
INSERT INTO rolls (id,productId,type,number,lote,mtsOriginal,mts,orderId,incoming,manual) VALUES ('21','13','DEF','A33460-2','K214269',50,50,'1',false,true);
INSERT INTO rolls (id,productId,type,number,lote,mtsOriginal,mts,orderId,incoming,manual) VALUES ('22','14','DEF','A32993-1','K210091',10,10,'1',false,true);
INSERT INTO rolls (id,productId,type,number,lote,mtsOriginal,mts,orderId,incoming,manual) VALUES ('23','14','DEF','A32993-1','210090',50,50,'1',false,true);
INSERT INTO rolls (id,productId,type,number,lote,mtsOriginal,mts,orderId,incoming,manual) VALUES ('24','15','DEF','A33779-1','K206380',50,50,'1',false,true);
INSERT INTO rolls (id,productId,type,number,lote,mtsOriginal,mts,orderId,incoming,manual) VALUES ('25','15','DEF','A32689-2','K205674',30,30,'1',false,true);
INSERT INTO rolls (id,productId,type,number,lote,mtsOriginal,mts,orderId,incoming,manual) VALUES ('26','16','DEF',' A33464-1','K214624',100,100,'1',false,true);
INSERT INTO rolls (id,productId,type,number,lote,mtsOriginal,mts,orderId,incoming,manual) VALUES ('27','17','DEF','A.32229-1','K207630',50,50,'1',false,true);
INSERT INTO rolls (id,productId,type,number,lote,mtsOriginal,mts,orderId,incoming,manual) VALUES ('28','18','DEF','A33781-1','K218501',70.4,70.4,'1',false,true);
INSERT INTO rolls (id,productId,type,number,lote,mtsOriginal,mts,orderId,incoming,manual) VALUES ('29','18','DEF','A33781-1','K218502',21.1,21.1,'1',false,true);
INSERT INTO rolls (id,productId,type,number,lote,mtsOriginal,mts,orderId,incoming,manual) VALUES ('30','18','DEF','A33106-2','K211561',16,16,'1',false,true);
INSERT INTO rolls (id,productId,type,number,lote,mtsOriginal,mts,orderId,incoming,manual) VALUES ('31','19','DEF','A34253-1 ','K223277',28.3,28.3,'1',false,true);
INSERT INTO rolls (id,productId,type,number,lote,mtsOriginal,mts,orderId,incoming,manual) VALUES ('32','19','DEF','A34253-2 ','K223289',52.1,52.1,'1',false,true);
INSERT INTO rolls (id,productId,type,number,lote,mtsOriginal,mts,orderId,incoming,manual) VALUES ('33','19','DEF','A34253-4 ','K223321',21.9,21.9,'1',false,true);
INSERT INTO rolls (id,productId,type,number,lote,mtsOriginal,mts,orderId,incoming,manual) VALUES ('34','19','DEF','A34253-4 ','K223323',27.4,27.4,'1',false,true);
INSERT INTO rolls (id,productId,type,number,lote,mtsOriginal,mts,orderId,incoming,manual) VALUES ('35','20','DEF','A34254-3 ','K223378',50,50,'1',false,true);
INSERT INTO rolls (id,productId,type,number,lote,mtsOriginal,mts,orderId,incoming,manual) VALUES ('36','20','DEF','A34254-3 ','K223381',37,37,'1',false,true);
INSERT INTO rolls (id,productId,type,number,lote,mtsOriginal,mts,orderId,incoming,manual) VALUES ('37','20','DEF','A34254-3 ','K223382',50,50,'1',false,true);
INSERT INTO rolls (id,productId,type,number,lote,mtsOriginal,mts,orderId,incoming,manual) VALUES ('38','21','DEF','A34255-1 ','K223333',28,28,'1',false,true);
INSERT INTO rolls (id,productId,type,number,lote,mtsOriginal,mts,orderId,incoming,manual) VALUES ('39','22','DEF','A34235-1 ','K223065',40,40,'1',false,true);
INSERT INTO rolls (id,productId,type,number,lote,mtsOriginal,mts,orderId,incoming,manual) VALUES ('40','22','DEF','A34235-1 ','K223069',32,32,'1',false,true);
INSERT INTO rolls (id,productId,type,number,lote,mtsOriginal,mts,orderId,incoming,manual) VALUES ('41','23','DEF','D34005-4 ','K220544',50,50,'1',false,true);
INSERT INTO rolls (id,productId,type,number,lote,mtsOriginal,mts,orderId,incoming,manual) VALUES ('42','23','DEF','D34005-4 ','K220546',38,38,'1',false,true);
INSERT INTO rolls (id,productId,type,number,lote,mtsOriginal,mts,orderId,incoming,manual) VALUES ('43','24','DEF','P45951','013-00',70,70,'1',false,true);
INSERT INTO rolls (id,productId,type,number,lote,mtsOriginal,mts,orderId,incoming,manual) VALUES ('44','24','DEF','P45951','014-01',31,31,'1',false,true);
INSERT INTO rolls (id,productId,type,number,lote,mtsOriginal,mts,orderId,incoming,manual) VALUES ('45','25','DEF','P45057','013-00',17,17,'1',false,true);
INSERT INTO rolls (id,productId,type,number,lote,mtsOriginal,mts,orderId,incoming,manual) VALUES ('46','25','DEF','P45057','019-00',17,17,'1',false,true);
INSERT INTO rolls (id,productId,type,number,lote,mtsOriginal,mts,orderId,incoming,manual) VALUES ('47','26','DEF','P45760','015-00',25,25,'1',false,true);
INSERT INTO rolls (id,productId,type,number,lote,mtsOriginal,mts,orderId,incoming,manual) VALUES ('48','27','DEF','P26389','001-00',46,46,'1',false,true);
INSERT INTO rolls (id,productId,type,number,lote,mtsOriginal,mts,orderId,incoming,manual) VALUES ('49','28','DEF','P48139','003-00',23,23,'1',false,true);
INSERT INTO rolls (id,productId,type,number,lote,mtsOriginal,mts,orderId,incoming,manual) VALUES ('50','29','DEF','P44671','002-00',51,51,'1',false,true);
INSERT INTO rolls (id,productId,type,number,lote,mtsOriginal,mts,orderId,incoming,manual) VALUES ('51','30','DEF','P53248','111-00',19,19,'1',false,true);
INSERT INTO rolls (id,productId,type,number,lote,mtsOriginal,mts,orderId,incoming,manual) VALUES ('52','30','DEF','P55129','109-00',19,19,'1',false,true);
INSERT INTO rolls (id,productId,type,number,lote,mtsOriginal,mts,orderId,incoming,manual) VALUES ('53','30','DEF','P55450','105-01',45.7,45.7,'1',false,true);
--INSERT INTO rolls (id,productId,type,number,lote,mtsOriginal,mts,orderId,incoming,manual) VALUES ('54','31','DEF','?','?',0.0,0.0,'1',false,true);
INSERT INTO rolls (id,productId,type,number,lote,mtsOriginal,mts,orderId,incoming,manual) VALUES ('55','32','DEF','P54736','112-00',15,15,'1',false,true);
INSERT INTO rolls (id,productId,type,number,lote,mtsOriginal,mts,orderId,incoming,manual) VALUES ('56','32','DEF','P52304','107-00',6.2,6.2,'1',false,true);
INSERT INTO rolls (id,productId,type,number,lote,mtsOriginal,mts,orderId,incoming,manual) VALUES ('57','32','DEF','P54736','119-00',19.8,19.8,'1',false,true);
INSERT INTO rolls (id,productId,type,number,lote,mtsOriginal,mts,orderId,incoming,manual) VALUES ('58','32','DEF','P52618','103-01',45.7,45.7,'1',false,true);
INSERT INTO rolls (id,productId,type,number,lote,mtsOriginal,mts,orderId,incoming,manual) VALUES ('59','33','DEF','P55381','401-00',64,64,'1',false,true);
INSERT INTO rolls (id,productId,type,number,lote,mtsOriginal,mts,orderId,incoming,manual) VALUES ('60','33','DEF','P55381','404-00',26,26,'1',false,true);
INSERT INTO rolls (id,productId,type,number,lote,mtsOriginal,mts,orderId,incoming,manual) VALUES ('61','34','DEF','P52458','108-00',24,24,'1',false,true);
INSERT INTO rolls (id,productId,type,number,lote,mtsOriginal,mts,orderId,incoming,manual) VALUES ('62','34','DEF','P54254','102-00',91,91,'1',false,true);
INSERT INTO rolls (id,productId,type,number,lote,mtsOriginal,mts,orderId,incoming,manual) VALUES ('63','34','DEF','P51808','108-00',19,19,'1',false,true);
INSERT INTO rolls (id,productId,type,number,lote,mtsOriginal,mts,orderId,incoming,manual) VALUES ('64','35','DEF','P54255','117-00',66,66,'1',false,true);
INSERT INTO rolls (id,productId,type,number,lote,mtsOriginal,mts,orderId,incoming,manual) VALUES ('65','35','DEF','P53539','101-00',20,20,'1',false,true);
INSERT INTO rolls (id,productId,type,number,lote,mtsOriginal,mts,orderId,incoming,manual) VALUES ('66','36','DEF','P52803','112-00',29,29,'1',false,true);
INSERT INTO rolls (id,productId,type,number,lote,mtsOriginal,mts,orderId,incoming,manual) VALUES ('67','37','DEF','P51813','104-00',50,50,'1',false,true);
INSERT INTO rolls (id,productId,type,number,lote,mtsOriginal,mts,orderId,incoming,manual) VALUES ('68','37','DEF','P52139','107-00',54.88,54.88,'1',false,true);
INSERT INTO rolls (id,productId,type,number,lote,mtsOriginal,mts,orderId,incoming,manual) VALUES ('69','37','DEF','P51813','103-00',35,35,'1',false,true);
INSERT INTO rolls (id,productId,type,number,lote,mtsOriginal,mts,orderId,incoming,manual) VALUES ('70','38','DEF','62212-05','20',47,47,'1',false,true);
INSERT INTO rolls (id,productId,type,number,lote,mtsOriginal,mts,orderId,incoming,manual) VALUES ('71','38','DEF','62211','25',150,150,'1',false,true);
INSERT INTO rolls (id,productId,type,number,lote,mtsOriginal,mts,orderId,incoming,manual) VALUES ('72','38','DEF','62211-05','13',96,96,'1',false,true);
INSERT INTO rolls (id,productId,type,number,lote,mtsOriginal,mts,orderId,incoming,manual) VALUES ('73','39','DEF','62204-05','08',22,22,'1',false,true);
INSERT INTO rolls (id,productId,type,number,lote,mtsOriginal,mts,orderId,incoming,manual) VALUES ('74','39','DEF','62238','31',54,54,'1',false,true);
INSERT INTO rolls (id,productId,type,number,lote,mtsOriginal,mts,orderId,incoming,manual) VALUES ('75','40','DEF','62201','05',91.4,91.4,'1',false,true);
INSERT INTO rolls (id,productId,type,number,lote,mtsOriginal,mts,orderId,incoming,manual) VALUES ('76','41','DEF','62195-05','11',21.4,21.4,'1',false,true);
INSERT INTO rolls (id,productId,type,number,lote,mtsOriginal,mts,orderId,incoming,manual) VALUES ('77','42','DEF','62074-5','10',141,141,'1',false,true);
INSERT INTO rolls (id,productId,type,number,lote,mtsOriginal,mts,orderId,incoming,manual) VALUES ('78','42','DEF','?','?',128,128,'1',false,true);
INSERT INTO rolls (id,productId,type,number,lote,mtsOriginal,mts,orderId,incoming,manual) VALUES ('79','43','DEF','42586-01','02',80,80,'1',false,true);
INSERT INTO rolls (id,productId,type,number,lote,mtsOriginal,mts,orderId,incoming,manual) VALUES ('80','43','DEF','41229-01','11',18,18,'1',false,true);
INSERT INTO rolls (id,productId,type,number,lote,mtsOriginal,mts,orderId,incoming,manual) VALUES ('81','44','DEF','42945-01','04',84,84,'1',false,true);
INSERT INTO rolls (id,productId,type,number,lote,mtsOriginal,mts,orderId,incoming,manual) VALUES ('82','44','DEF','43237-01','09',70,70,'1',false,true);
INSERT INTO rolls (id,productId,type,number,lote,mtsOriginal,mts,orderId,incoming,manual) VALUES ('83','45','DEF','3703-01','',37,37,'1',false,true);
INSERT INTO rolls (id,productId,type,number,lote,mtsOriginal,mts,orderId,incoming,manual) VALUES ('84','45','DEF','43703-01','02',124,124,'1',false,true);
INSERT INTO rolls (id,productId,type,number,lote,mtsOriginal,mts,orderId,incoming,manual) VALUES ('85','45','DEF','43045-01','14',35,35,'1',false,true);
INSERT INTO rolls (id,productId,type,number,lote,mtsOriginal,mts,orderId,incoming,manual) VALUES ('86','45','DEF','43703-01','9',29,29,'1',false,true);
INSERT INTO rolls (id,productId,type,number,lote,mtsOriginal,mts,orderId,incoming,manual) VALUES ('1000','45','DEF','?','?',100,100,'1',false,true);
INSERT INTO rolls (id,productId,type,number,lote,mtsOriginal,mts,orderId,incoming,manual) VALUES ('87','46','DEF','42585-01','13',86,86,'1',false,true);
INSERT INTO rolls (id,productId,type,number,lote,mtsOriginal,mts,orderId,incoming,manual) VALUES ('88','46','DEF','42585-01','03',102,102,'1',false,true);
--INSERT INTO rolls (id,productId,type,number,lote,mtsOriginal,mts,orderId,incoming,manual) VALUES ('89','47','DEF','?','?',0.0,0.0,'1',false,true);
INSERT INTO rolls (id,productId,type,number,lote,mtsOriginal,mts,orderId,incoming,manual) VALUES ('90','48','DEF','?','?',9,9,'1',false,true);
INSERT INTO rolls (id,productId,type,number,lote,mtsOriginal,mts,orderId,incoming,manual) VALUES ('91','48','DEF','43567-01','04',64,64,'1',false,true);
INSERT INTO rolls (id,productId,type,number,lote,mtsOriginal,mts,orderId,incoming,manual) VALUES ('92','48','DEF','43567-01','09',36,36,'1',false,true);
INSERT INTO rolls (id,productId,type,number,lote,mtsOriginal,mts,orderId,incoming,manual) VALUES ('93','49','DEF','5290A15Y','02',49,49,'1',false,true);
INSERT INTO rolls (id,productId,type,number,lote,mtsOriginal,mts,orderId,incoming,manual) VALUES ('94','49','DEF','39855-01','11',11,11,'1',false,true);
INSERT INTO rolls (id,productId,type,number,lote,mtsOriginal,mts,orderId,incoming,manual) VALUES ('95','49','DEF','43306-02','04',55,55,'1',false,true);
INSERT INTO rolls (id,productId,type,number,lote,mtsOriginal,mts,orderId,incoming,manual) VALUES ('96','49','DEF','41747-01','02',66,66,'1',false,true);
INSERT INTO rolls (id,productId,type,number,lote,mtsOriginal,mts,orderId,incoming,manual) VALUES ('97','50','DEF','43868-01','04',23,23,'1',false,true);
INSERT INTO rolls (id,productId,type,number,lote,mtsOriginal,mts,orderId,incoming,manual) VALUES ('98','50','DEF','43305-01','99',11,11,'1',false,true);
INSERT INTO rolls (id,productId,type,number,lote,mtsOriginal,mts,orderId,incoming,manual) VALUES ('99','50','DEF','44470-01','15',113,113,'1',false,true);
INSERT INTO rolls (id,productId,type,number,lote,mtsOriginal,mts,orderId,incoming,manual) VALUES ('100','51','DEF','42587-02','06',83,83,'1',false,true);
INSERT INTO rolls (id,productId,type,number,lote,mtsOriginal,mts,orderId,incoming,manual) VALUES ('101','51','DEF','43444-01','08',107,107,'1',false,true);
INSERT INTO rolls (id,productId,type,number,lote,mtsOriginal,mts,orderId,incoming,manual) VALUES ('102','52','DEF','?','?',100,100,'1',false,true);
INSERT INTO rolls (id,productId,type,number,lote,mtsOriginal,mts,orderId,incoming,manual) VALUES ('103','52','DEF','41748-01','04',35,35,'1',false,true);
INSERT INTO rolls (id,productId,type,number,lote,mtsOriginal,mts,orderId,incoming,manual) VALUES ('104','53','DEF','1646402','05',106,106,'1',false,true);
INSERT INTO rolls (id,productId,type,number,lote,mtsOriginal,mts,orderId,incoming,manual) VALUES ('105','54','DEF','1682503','04',95,95,'1',false,true);
